id,source
707,ecomerce_product
708,ecomerce_product
711,ecomerce_product
712,ecomerce_product
713,ecomerce_product
714,ecomerce_product
715,ecomerce_product
716,ecomerce_product
749,ecomerce_product
750,ecomerce_product
751,ecomerce_product
752,ecomerce_product
753,ecomerce_product
759,ecomerce_product
760,ecomerce_product
761,ecomerce_product
762,ecomerce_product
763,ecomerce_product
764,ecomerce_product
765,ecomerce_product
766,ecomerce_product
767,ecomerce_product
768,ecomerce_product
769,ecomerce_product
770,ecomerce_product
771,ecomerce_product
772,ecomerce_product
773,ecomerce_product
774,ecomerce_product
775,ecomerce_product
776,ecomerce_product
777,ecomerce_product
778,ecomerce_product
779,ecomerce_product
780,ecomerce_product
781,ecomerce_product
782,ecomerce_product
783,ecomerce_product
784,ecomerce_product
789,ecomerce_product
790,ecomerce_product
791,ecomerce_product
792,ecomerce_product
793,ecomerce_product
794,ecomerce_product
795,ecomerce_product
796,ecomerce_product
797,ecomerce_product
798,ecomerce_product
799,ecomerce_product
800,ecomerce_product
801,ecomerce_product
858,ecomerce_product
859,ecomerce_product
860,ecomerce_product
864,ecomerce_product
865,ecomerce_product
866,ecomerce_product
867,ecomerce_product
868,ecomerce_product
869,ecomerce_product
870,ecomerce_product
871,ecomerce_product
872,ecomerce_product
873,ecomerce_product
874,ecomerce_product
875,ecomerce_product
876,ecomerce_product
877,ecomerce_product
878,ecomerce_product
879,ecomerce_product
880,ecomerce_product
881,ecomerce_product
882,ecomerce_product
883,ecomerce_product
884,ecomerce_product
921,ecomerce_product
922,ecomerce_product
923,ecomerce_product
928,ecomerce_product
929,ecomerce_product
930,ecomerce_product
931,ecomerce_product
932,ecomerce_product
933,ecomerce_product
934,ecomerce_product
953,ecomerce_product
954,ecomerce_product
955,ecomerce_product
956,ecomerce_product
957,ecomerce_product
958,ecomerce_product
959,ecomerce_product
960,ecomerce_product
961,ecomerce_product
962,ecomerce_product
963,ecomerce_product
964,ecomerce_product
965,ecomerce_product
966,ecomerce_product
967,ecomerce_product
968,ecomerce_product
969,ecomerce_product
970,ecomerce_product
971,ecomerce_product
972,ecomerce_product
973,ecomerce_product
974,ecomerce_product
975,ecomerce_product
976,ecomerce_product
977,ecomerce_product
978,ecomerce_product
979,ecomerce_product
980,ecomerce_product
981,ecomerce_product
982,ecomerce_product
983,ecomerce_product
984,ecomerce_product
985,ecomerce_product
986,ecomerce_product
987,ecomerce_product
988,ecomerce_product
989,ecomerce_product
990,ecomerce_product
991,ecomerce_product
992,ecomerce_product
993,ecomerce_product
997,ecomerce_product
998,ecomerce_product
999,ecomerce_product
707,wholesale_system_product
708,wholesale_system_product
709,wholesale_system_product
710,wholesale_system_product
711,wholesale_system_product
712,wholesale_system_product
714,wholesale_system_product
715,wholesale_system_product
716,wholesale_system_product
717,wholesale_system_product
718,wholesale_system_product
719,wholesale_system_product
722,wholesale_system_product
723,wholesale_system_product
725,wholesale_system_product
726,wholesale_system_product
727,wholesale_system_product
729,wholesale_system_product
730,wholesale_system_product
732,wholesale_system_product
733,wholesale_system_product
736,wholesale_system_product
738,wholesale_system_product
739,wholesale_system_product
741,wholesale_system_product
742,wholesale_system_product
743,wholesale_system_product
744,wholesale_system_product
745,wholesale_system_product
747,wholesale_system_product
748,wholesale_system_product
749,wholesale_system_product
750,wholesale_system_product
751,wholesale_system_product
752,wholesale_system_product
753,wholesale_system_product
754,wholesale_system_product
755,wholesale_system_product
756,wholesale_system_product
757,wholesale_system_product
758,wholesale_system_product
759,wholesale_system_product
760,wholesale_system_product
761,wholesale_system_product
762,wholesale_system_product
763,wholesale_system_product
764,wholesale_system_product
765,wholesale_system_product
766,wholesale_system_product
767,wholesale_system_product
768,wholesale_system_product
769,wholesale_system_product
770,wholesale_system_product
771,wholesale_system_product
772,wholesale_system_product
773,wholesale_system_product
774,wholesale_system_product
775,wholesale_system_product
776,wholesale_system_product
777,wholesale_system_product
778,wholesale_system_product
779,wholesale_system_product
780,wholesale_system_product
781,wholesale_system_product
782,wholesale_system_product
783,wholesale_system_product
784,wholesale_system_product
785,wholesale_system_product
786,wholesale_system_product
787,wholesale_system_product
788,wholesale_system_product
789,wholesale_system_product
790,wholesale_system_product
791,wholesale_system_product
792,wholesale_system_product
793,wholesale_system_product
794,wholesale_system_product
795,wholesale_system_product
796,wholesale_system_product
797,wholesale_system_product
798,wholesale_system_product
799,wholesale_system_product
800,wholesale_system_product
801,wholesale_system_product
802,wholesale_system_product
804,wholesale_system_product
805,wholesale_system_product
806,wholesale_system_product
807,wholesale_system_product
808,wholesale_system_product
809,wholesale_system_product
810,wholesale_system_product
811,wholesale_system_product
813,wholesale_system_product
814,wholesale_system_product
815,wholesale_system_product
816,wholesale_system_product
817,wholesale_system_product
819,wholesale_system_product
820,wholesale_system_product
822,wholesale_system_product
823,wholesale_system_product
824,wholesale_system_product
825,wholesale_system_product
826,wholesale_system_product
827,wholesale_system_product
828,wholesale_system_product
830,wholesale_system_product
831,wholesale_system_product
832,wholesale_system_product
833,wholesale_system_product
835,wholesale_system_product
836,wholesale_system_product
838,wholesale_system_product
839,wholesale_system_product
841,wholesale_system_product
843,wholesale_system_product
844,wholesale_system_product
849,wholesale_system_product
850,wholesale_system_product
852,wholesale_system_product
853,wholesale_system_product
854,wholesale_system_product
855,wholesale_system_product
856,wholesale_system_product
857,wholesale_system_product
858,wholesale_system_product
859,wholesale_system_product
860,wholesale_system_product
861,wholesale_system_product
862,wholesale_system_product
863,wholesale_system_product
864,wholesale_system_product
865,wholesale_system_product
866,wholesale_system_product
867,wholesale_system_product
868,wholesale_system_product
869,wholesale_system_product
870,wholesale_system_product
873,wholesale_system_product
874,wholesale_system_product
875,wholesale_system_product
876,wholesale_system_product
877,wholesale_system_product
880,wholesale_system_product
881,wholesale_system_product
883,wholesale_system_product
884,wholesale_system_product
885,wholesale_system_product
886,wholesale_system_product
887,wholesale_system_product
888,wholesale_system_product
889,wholesale_system_product
890,wholesale_system_product
891,wholesale_system_product
892,wholesale_system_product
893,wholesale_system_product
894,wholesale_system_product
895,wholesale_system_product
896,wholesale_system_product
897,wholesale_system_product
898,wholesale_system_product
899,wholesale_system_product
900,wholesale_system_product
902,wholesale_system_product
903,wholesale_system_product
904,wholesale_system_product
905,wholesale_system_product
906,wholesale_system_product
907,wholesale_system_product
908,wholesale_system_product
909,wholesale_system_product
910,wholesale_system_product
911,wholesale_system_product
913,wholesale_system_product
914,wholesale_system_product
915,wholesale_system_product
916,wholesale_system_product
917,wholesale_system_product
918,wholesale_system_product
919,wholesale_system_product
920,wholesale_system_product
924,wholesale_system_product
925,wholesale_system_product
926,wholesale_system_product
927,wholesale_system_product
935,wholesale_system_product
936,wholesale_system_product
937,wholesale_system_product
938,wholesale_system_product
939,wholesale_system_product
940,wholesale_system_product
941,wholesale_system_product
942,wholesale_system_product
943,wholesale_system_product
944,wholesale_system_product
945,wholesale_system_product
946,wholesale_system_product
947,wholesale_system_product
948,wholesale_system_product
949,wholesale_system_product
950,wholesale_system_product
951,wholesale_system_product
952,wholesale_system_product
953,wholesale_system_product
954,wholesale_system_product
955,wholesale_system_product
956,wholesale_system_product
957,wholesale_system_product
958,wholesale_system_product
959,wholesale_system_product
960,wholesale_system_product
961,wholesale_system_product
962,wholesale_system_product
963,wholesale_system_product
964,wholesale_system_product
965,wholesale_system_product
966,wholesale_system_product
967,wholesale_system_product
968,wholesale_system_product
969,wholesale_system_product
970,wholesale_system_product
971,wholesale_system_product
972,wholesale_system_product
973,wholesale_system_product
974,wholesale_system_product
975,wholesale_system_product
976,wholesale_system_product
977,wholesale_system_product
978,wholesale_system_product
979,wholesale_system_product
980,wholesale_system_product
981,wholesale_system_product
982,wholesale_system_product
983,wholesale_system_product
984,wholesale_system_product
985,wholesale_system_product
986,wholesale_system_product
987,wholesale_system_product
988,wholesale_system_product
989,wholesale_system_product
990,wholesale_system_product
991,wholesale_system_product
992,wholesale_system_product
993,wholesale_system_product
994,wholesale_system_product
996,wholesale_system_product
997,wholesale_system_product
998,wholesale_system_product
999,wholesale_system_product
1,product_management_platform_product
2,product_management_platform_product
3,product_management_platform_product
4,product_management_platform_product
5,product_management_platform_product
6,product_management_platform_product
7,product_management_platform_product
8,product_management_platform_product
9,product_management_platform_product
10,product_management_platform_product
11,product_management_platform_product
12,product_management_platform_product
13,product_management_platform_product
14,product_management_platform_product
15,product_management_platform_product
16,product_management_platform_product
17,product_management_platform_product
18,product_management_platform_product
19,product_management_platform_product
20,product_management_platform_product
21,product_management_platform_product
22,product_management_platform_product
23,product_management_platform_product
24,product_management_platform_product
25,product_management_platform_product
26,product_management_platform_product
27,product_management_platform_product
28,product_management_platform_product
29,product_management_platform_product
30,product_management_platform_product
31,product_management_platform_product
32,product_management_platform_product
33,product_management_platform_product
34,product_management_platform_product
35,product_management_platform_product
36,product_management_platform_product
37,product_management_platform_product
38,product_management_platform_product
39,product_management_platform_product
40,product_management_platform_product
41,product_management_platform_product
42,product_management_platform_product
43,product_management_platform_product
44,product_management_platform_product
45,product_management_platform_product
46,product_management_platform_product
47,product_management_platform_product
48,product_management_platform_product
49,product_management_platform_product
50,product_management_platform_product
51,product_management_platform_product
52,product_management_platform_product
53,product_management_platform_product
54,product_management_platform_product
55,product_management_platform_product
56,product_management_platform_product
57,product_management_platform_product
58,product_management_platform_product
59,product_management_platform_product
60,product_management_platform_product
61,product_management_platform_product
62,product_management_platform_product
63,product_management_platform_product
64,product_management_platform_product
65,product_management_platform_product
66,product_management_platform_product
67,product_management_platform_product
68,product_management_platform_product
69,product_management_platform_product
70,product_management_platform_product
71,product_management_platform_product
72,product_management_platform_product
73,product_management_platform_product
74,product_management_platform_product
75,product_management_platform_product
76,product_management_platform_product
77,product_management_platform_product
78,product_management_platform_product
79,product_management_platform_product
80,product_management_platform_product
81,product_management_platform_product
82,product_management_platform_product
83,product_management_platform_product
84,product_management_platform_product
85,product_management_platform_product
86,product_management_platform_product
87,product_management_platform_product
88,product_management_platform_product
89,product_management_platform_product
90,product_management_platform_product
91,product_management_platform_product
92,product_management_platform_product
93,product_management_platform_product
94,product_management_platform_product
95,product_management_platform_product
96,product_management_platform_product
97,product_management_platform_product
98,product_management_platform_product
99,product_management_platform_product
100,product_management_platform_product
101,product_management_platform_product
102,product_management_platform_product
103,product_management_platform_product
104,product_management_platform_product
105,product_management_platform_product
106,product_management_platform_product
107,product_management_platform_product
108,product_management_platform_product
109,product_management_platform_product
110,product_management_platform_product
111,product_management_platform_product
112,product_management_platform_product
113,product_management_platform_product
114,product_management_platform_product
115,product_management_platform_product
116,product_management_platform_product
117,product_management_platform_product
118,product_management_platform_product
119,product_management_platform_product
120,product_management_platform_product
121,product_management_platform_product
122,product_management_platform_product
123,product_management_platform_product
124,product_management_platform_product
125,product_management_platform_product
126,product_management_platform_product
127,product_management_platform_product
128,product_management_platform_product
129,product_management_platform_product
130,product_management_platform_product
131,product_management_platform_product
132,product_management_platform_product
133,product_management_platform_product
134,product_management_platform_product
135,product_management_platform_product
136,product_management_platform_product
137,product_management_platform_product
138,product_management_platform_product
139,product_management_platform_product
140,product_management_platform_product
141,product_management_platform_product
142,product_management_platform_product
143,product_management_platform_product
144,product_management_platform_product
145,product_management_platform_product
146,product_management_platform_product
147,product_management_platform_product
148,product_management_platform_product
149,product_management_platform_product
150,product_management_platform_product
151,product_management_platform_product
152,product_management_platform_product
153,product_management_platform_product
154,product_management_platform_product
155,product_management_platform_product
156,product_management_platform_product
157,product_management_platform_product
158,product_management_platform_product
159,product_management_platform_product
160,product_management_platform_product
161,product_management_platform_product
162,product_management_platform_product
163,product_management_platform_product
164,product_management_platform_product
165,product_management_platform_product
166,product_management_platform_product
167,product_management_platform_product
168,product_management_platform_product
169,product_management_platform_product
170,product_management_platform_product
171,product_management_platform_product
172,product_management_platform_product
173,product_management_platform_product
174,product_management_platform_product
175,product_management_platform_product
176,product_management_platform_product
177,product_management_platform_product
178,product_management_platform_product
179,product_management_platform_product
180,product_management_platform_product
181,product_management_platform_product
182,product_management_platform_product
183,product_management_platform_product
184,product_management_platform_product
185,product_management_platform_product
186,product_management_platform_product
187,product_management_platform_product
188,product_management_platform_product
189,product_management_platform_product
190,product_management_platform_product
191,product_management_platform_product
192,product_management_platform_product
193,product_management_platform_product
194,product_management_platform_product
195,product_management_platform_product
196,product_management_platform_product
197,product_management_platform_product
198,product_management_platform_product
199,product_management_platform_product
200,product_management_platform_product
201,product_management_platform_product
202,product_management_platform_product
203,product_management_platform_product
204,product_management_platform_product
205,product_management_platform_product
206,product_management_platform_product
207,product_management_platform_product
208,product_management_platform_product
209,product_management_platform_product
210,product_management_platform_product
211,product_management_platform_product
212,product_management_platform_product
213,product_management_platform_product
214,product_management_platform_product
215,product_management_platform_product
216,product_management_platform_product
217,product_management_platform_product
218,product_management_platform_product
219,product_management_platform_product
220,product_management_platform_product
221,product_management_platform_product
222,product_management_platform_product
223,product_management_platform_product
224,product_management_platform_product
225,product_management_platform_product
226,product_management_platform_product
227,product_management_platform_product
228,product_management_platform_product
229,product_management_platform_product
230,product_management_platform_product
231,product_management_platform_product
232,product_management_platform_product
233,product_management_platform_product
234,product_management_platform_product
235,product_management_platform_product
236,product_management_platform_product
237,product_management_platform_product
238,product_management_platform_product
239,product_management_platform_product
240,product_management_platform_product
241,product_management_platform_product
242,product_management_platform_product
243,product_management_platform_product
244,product_management_platform_product
245,product_management_platform_product
246,product_management_platform_product
247,product_management_platform_product
248,product_management_platform_product
249,product_management_platform_product
250,product_management_platform_product
251,product_management_platform_product
252,product_management_platform_product
253,product_management_platform_product
254,product_management_platform_product
255,product_management_platform_product
256,product_management_platform_product
257,product_management_platform_product
258,product_management_platform_product
259,product_management_platform_product
260,product_management_platform_product
261,product_management_platform_product
262,product_management_platform_product
263,product_management_platform_product
264,product_management_platform_product
265,product_management_platform_product
266,product_management_platform_product
267,product_management_platform_product
268,product_management_platform_product
269,product_management_platform_product
270,product_management_platform_product
271,product_management_platform_product
272,product_management_platform_product
273,product_management_platform_product
274,product_management_platform_product
275,product_management_platform_product
276,product_management_platform_product
277,product_management_platform_product
278,product_management_platform_product
279,product_management_platform_product
280,product_management_platform_product
281,product_management_platform_product
282,product_management_platform_product
283,product_management_platform_product
284,product_management_platform_product
285,product_management_platform_product
286,product_management_platform_product
287,product_management_platform_product
288,product_management_platform_product
289,product_management_platform_product
290,product_management_platform_product
291,product_management_platform_product
292,product_management_platform_product
293,product_management_platform_product
294,product_management_platform_product
295,product_management_platform_product
296,product_management_platform_product
297,product_management_platform_product
298,product_management_platform_product
299,product_management_platform_product
300,product_management_platform_product
301,product_management_platform_product
302,product_management_platform_product
303,product_management_platform_product
304,product_management_platform_product
305,product_management_platform_product
306,product_management_platform_product
307,product_management_platform_product
308,product_management_platform_product
309,product_management_platform_product
310,product_management_platform_product
311,product_management_platform_product
312,product_management_platform_product
313,product_management_platform_product
314,product_management_platform_product
315,product_management_platform_product
316,product_management_platform_product
317,product_management_platform_product
318,product_management_platform_product
319,product_management_platform_product
320,product_management_platform_product
321,product_management_platform_product
322,product_management_platform_product
323,product_management_platform_product
324,product_management_platform_product
325,product_management_platform_product
326,product_management_platform_product
327,product_management_platform_product
328,product_management_platform_product
329,product_management_platform_product
330,product_management_platform_product
331,product_management_platform_product
332,product_management_platform_product
333,product_management_platform_product
334,product_management_platform_product
335,product_management_platform_product
336,product_management_platform_product
337,product_management_platform_product
338,product_management_platform_product
339,product_management_platform_product
340,product_management_platform_product
341,product_management_platform_product
342,product_management_platform_product
343,product_management_platform_product
344,product_management_platform_product
345,product_management_platform_product
346,product_management_platform_product
347,product_management_platform_product
348,product_management_platform_product
349,product_management_platform_product
350,product_management_platform_product
351,product_management_platform_product
352,product_management_platform_product
353,product_management_platform_product
354,product_management_platform_product
355,product_management_platform_product
356,product_management_platform_product
357,product_management_platform_product
358,product_management_platform_product
359,product_management_platform_product
360,product_management_platform_product
361,product_management_platform_product
362,product_management_platform_product
363,product_management_platform_product
364,product_management_platform_product
365,product_management_platform_product
366,product_management_platform_product
367,product_management_platform_product
368,product_management_platform_product
369,product_management_platform_product
370,product_management_platform_product
371,product_management_platform_product
372,product_management_platform_product
373,product_management_platform_product
374,product_management_platform_product
375,product_management_platform_product
376,product_management_platform_product
377,product_management_platform_product
378,product_management_platform_product
379,product_management_platform_product
380,product_management_platform_product
381,product_management_platform_product
382,product_management_platform_product
383,product_management_platform_product
384,product_management_platform_product
385,product_management_platform_product
386,product_management_platform_product
387,product_management_platform_product
388,product_management_platform_product
389,product_management_platform_product
390,product_management_platform_product
391,product_management_platform_product
392,product_management_platform_product
393,product_management_platform_product
394,product_management_platform_product
395,product_management_platform_product
396,product_management_platform_product
397,product_management_platform_product
398,product_management_platform_product
399,product_management_platform_product
400,product_management_platform_product
401,product_management_platform_product
402,product_management_platform_product
403,product_management_platform_product
404,product_management_platform_product
405,product_management_platform_product
406,product_management_platform_product
407,product_management_platform_product
408,product_management_platform_product
409,product_management_platform_product
410,product_management_platform_product
411,product_management_platform_product
412,product_management_platform_product
413,product_management_platform_product
414,product_management_platform_product
415,product_management_platform_product
416,product_management_platform_product
417,product_management_platform_product
418,product_management_platform_product
419,product_management_platform_product
420,product_management_platform_product
421,product_management_platform_product
422,product_management_platform_product
423,product_management_platform_product
424,product_management_platform_product
425,product_management_platform_product
426,product_management_platform_product
427,product_management_platform_product
428,product_management_platform_product
429,product_management_platform_product
430,product_management_platform_product
431,product_management_platform_product
432,product_management_platform_product
433,product_management_platform_product
434,product_management_platform_product
435,product_management_platform_product
436,product_management_platform_product
437,product_management_platform_product
438,product_management_platform_product
439,product_management_platform_product
440,product_management_platform_product
441,product_management_platform_product
442,product_management_platform_product
443,product_management_platform_product
444,product_management_platform_product
445,product_management_platform_product
446,product_management_platform_product
447,product_management_platform_product
448,product_management_platform_product
449,product_management_platform_product
450,product_management_platform_product
451,product_management_platform_product
452,product_management_platform_product
453,product_management_platform_product
454,product_management_platform_product
455,product_management_platform_product
456,product_management_platform_product
457,product_management_platform_product
458,product_management_platform_product
459,product_management_platform_product
460,product_management_platform_product
461,product_management_platform_product
462,product_management_platform_product
463,product_management_platform_product
464,product_management_platform_product
465,product_management_platform_product
466,product_management_platform_product
467,product_management_platform_product
468,product_management_platform_product
469,product_management_platform_product
470,product_management_platform_product
471,product_management_platform_product
472,product_management_platform_product
473,product_management_platform_product
474,product_management_platform_product
475,product_management_platform_product
476,product_management_platform_product
477,product_management_platform_product
478,product_management_platform_product
479,product_management_platform_product
480,product_management_platform_product
481,product_management_platform_product
482,product_management_platform_product
483,product_management_platform_product
484,product_management_platform_product
485,product_management_platform_product
486,product_management_platform_product
487,product_management_platform_product
488,product_management_platform_product
489,product_management_platform_product
490,product_management_platform_product
491,product_management_platform_product
492,product_management_platform_product
493,product_management_platform_product
494,product_management_platform_product
495,product_management_platform_product
496,product_management_platform_product
497,product_management_platform_product
498,product_management_platform_product
499,product_management_platform_product
500,product_management_platform_product
501,product_management_platform_product
502,product_management_platform_product
503,product_management_platform_product
504,product_management_platform_product
507,product_management_platform_product
